Кандзи,Значение,On,Kun,Номер,例,Level
一,один,イチ・イツ,ひと-つ,1,一日・一回・一歩・一本・一月・一年,5
二,два,ニ,ふた-つ,2,二日・二回,5
三,три,サン,みっ-つ・み-つ,3,,5
四,четыре,シ,よん・よっ-つ・よ-つ,4,,5
五,пять,ゴ,いつ-つ,5,,5
六,шесть,ロク,むっ-つ・む-つ,6,,5
七,семь,シチ,なな-つ,7,,5
八,восемь,ハチ,やっ-つ・や-つ,8,,5
九,девять,キュウ・ク,ここの-つ,9,,5
十,десять,ジュウ・ジッ・ジュッ,とお・と,10,,5
百,сто,ヒャク・ビャク,もも,11,,5
千,тысяча,セン,ち,12,,5
万,десять тысяч,マン・バン,よろず,13,一万・百万・一千万,5
人,человек,ジン・ニン,ひと,14,人間・人材,5
見,видеть,ケン,み-る ・み-える ・み-せる,15,,5
出,выходить; появляться; вынимать; выдавать,シュツ,で-る・だ-す,16,出口,5
日,день; солнце,ニチ・ジツ,ひ・か,17,日曜日・今日,5
来,приходить,ライ・タイ,く-る,18,来日する,5
子,ребёнок; детёныш,シ・ス,こ,19,子供・子猫・子犬・電子,5
大,большой,ダイ・タイ,おお-きい,20,大学・大阪市,5
上,верх,ジョウ,うえ・あ-がる,21,上司・,5
分,понимать; минута; доля,ブン・フン・ブ ,わ-かる・わ-ける・わ-かれる,22,三十分・部分,5
中,середина; внутри; во время; в течение,チュウ,なか・うち,23,中国・中年・一日中,5
行,идти; ходить; уходить; совершать; осуществлять ,コウ・ギョウ,い-く・ゆ-く・おこな-う,24,行方不明・一方通路・一方通行,5
時,время; час,ジ,とき,25,時間・時計・,5
何,что?,カ,なに・なん,26,何処・何故・何の為・,5
生,жизнь; жить; быть живым; рождаться; рождать; приносить; сырой,セイ・ショウ,い-きる・う-まれる・は-やす・う-む・なま,27,先生・生き物・,5
間,интервал; промежуток; период; комната,カン・ケン,あいだ・ま,28,期間・,5
言,сказать,ゲン・ゴン,いう・こと,29,言葉・言語,5
手,рука,シュ,て,30,手遅れ・相手・,5
女,женщина,ジョ・ニョ・ニョウ,おんな,31,女神・女優・,5
気,дух; воздух; пар; атмосфера; чувства; настроение,キ・ケ,き,32,勇気・空気・,5
本,книга; источник; основа,ホン,もと,33,本棚・基本的・,5
年,год; возраст,ネン,とし,34,年上・,5
前,до; впереди,ゼン,まえ,35,前回・,5
今,сейчас,コン・キン,いま,36,今年・今回,5
下,низ,カ、ゲ,した・くだ-さる・お-りる・さ-がる・さ-げる,37,足下・以下,5
立,вставать; стоять,リツ,た-つ・た-てる,38,国立・,5
小,маленький,ショウ,ちいさい・こ-,39,小雨・小学校・小銭,5
入,входить; вставлять; входить,ニュウ,はい-る・い-る・い-れる,40,入口・入国,5
月,месяц; луна,ゲツ、ガツ,つき,41,月曜日・正月・,5
目,глаз; суффикс порядковых числительных ,モク・ボク,め,42,眼鏡・目的・目標・１回目・,5
学,учение; знание; наука; изучать ,ガク,まな-ぶ,43,化学・物理学・,5
書,писать,ショ,か-く,44,読書・,5
後,после; потом; позади; сзади,ゴ・コウ,うし-ろ・あと・のち・(おく-れる),45,後期・今後,5
山,гора,サン,やま,46,火山,5
話,говорить; рассказывать; разговор; беседа ,ワ,はなし・はな-す,47,会話・,5
先,впереди; кончик; острие; раньше; сначала; прежде всего,セン,さき・まず,48,先月・先行き・,5
少,мало; немного; юность,ショウ,すく-ない・すこ-し,49,少年,5
長,длинный; начальник; старший,チョウ,なが-い,50,長男・部長・長女,5
聞,слышать; спрашивать; быть слышным; звучать ,ブン・モン,きく・き-こえる,51,新聞・,5
水,вода,スイ,みず,52,水道・,5
口,рот; язык/речь; отверстие,コウ・(ク),くち,53,口紅・人口,5
空,небо; пустота,クウ,そら・から・あ-く,54,空白・空を飛ぶ・,5
名,имя; название,メイ・ミョウ,な,55,名前・名詞,5
会,встреча; собрание,カイ,あ-う,56,会議・会議室,5
男,мужчина,ダン・ナン,おとこ,57,男女・男性・,5
白,белый; невинность; невиновность,ハク・ビャク,しろ-い・しろ,58,白眼視・,5
外,снаружи; иностранный; исключение,ガイ・ゲ,そと・ほか・はず-す,59,外国・外伝・,5
道,дорога; путь; расстояние,ドウ,みち,60,剣道・武士道・,5
国,страна,コク,くに,61,国際・王国・日本国・国民,5
新,новый,シン,あたら-しい・あら-た,62,新作・,5
木,дерево,モク・ボク,き,63,木曜日・,5
多,много,タ,おお-い,64,多分・,5
足,нога,ソク,あし・た-りる,65,手足・,5
金,золото; деньги,キン・コン,かね,66,金持ち・金曜日・,5
高,высокий,コウ,たか-い,67,高校・,5
母,мать,ボ,はは,68,祖母・,5
天,небо; погода,テン,あま,69,天気・天の川,5
父,отец,フ,ちち,70,祖父,5
食,еда,ショク,た-べる・く-う,71,食べ物・,5
川,река,セン,かわ,72,,5
語,язык; слово,ゴ,かた-る,73,物語・,5
社,компания; святилище; общество,シャ,やしろ,74,,5
校,школа,コウ・キョウ,―,75,,5
花,цветок,カ,はな,76,花瓶,5
車,машина; повозка; колёсное транспортное средство,シャ,くるま,77,,5
古,старый,コ,ふる-い,78,,5
火,огонь,カ,ひ,79,火曜日・,5
土,земля; почва,ト・ド,つち,80,,5
東,восток,トウ,ひがし,81,東方・東京,5
安,дешёвый; спокойный; безопасный,アン,やす-い,82,,5
半,половина,ハン,なかば,83,,5
読,читать,ドク・トク,よ-む,84,,5
右,право,ウ・ユウ,みぎ,85,,5
左,лево,サ,ひだり,86,,5
西,запад,セイ・サイ・ス,にし,87,,5
友,друг,ユウ,とも,88,友人・友達,5
電,электричество,デン,―,89,,5
店,магазин,テン,みせ,90,店長,5
雨,дождь,ウ,あめ・あま,91,,5
北,север,ホク・ホッ,きた,92,北方・北海島,5
買,покупать,バイ,か-う,93,,5
耳,ухо,ジ,みみ,94,,5
南,юг,ナン,みなみ,95,,5
円,иена; круг; круглый,エン,まる・まる-い,96,,5
毎,каждый (день　и т. д.) ,マイ,ごと,97,,5
飲,пить,イン,の-む,98,,5
休,отдых,キュウ,やす-む・やす-み,99,,5
魚,рыба,ギョ,さかな,100,金魚・人魚,5
午,полдень; Лошадь,ゴ,うま,101,午後・午前,5
駅,Станция,エキ,―,102,駅前・駅員,5
週,неделя,シュウ,―,103,,5
思,думать; полагать,シ,おも-う,104,,5
事,дело; обстоятельство,ジ,こと,105,,4
私,я; свой; личный,シ,わたし・わたくし,106,,5
自,сам; лично; само собой; спонтанно,ジ,みずか-ら・おの-ずから,107,,4
方,сторона; направление; человек (вежливо),ホウ,かた,108,,4
者,человек; некто,シャ,もの,109,,4
心,сердце; чувство; сердцевина; центр,シン,こころ,110,,4
家,дом,カ・ケ,いえ・うち,111,,5
物,вещь,ブツ・モツ,もの,112,,4
文,текст; письменность; фраза; культура,ブン・モン,ふみ,113,,4
知,знания; знать; извещение; извещать,チ,しる・し-らせ・し-らせる,114,,5
作,создавать,サク・サ,つく-る,115,,4
合,соединять; подходить,ゴウ・ガッ,あう,116,合体・,4
持,иметь; держать (в руках),ジ,も-つ,117,,4
意,идея; мысль; мнение,イ,―,118,,4
地,земля; почва; местность,チ・ジ,―,119,,4
度,раз; градус; величина,ド,たび,120,,4
屋,дом; крыша,オク,や,121,,4
同,одинаковый; вышеупомянутый,ドウ,おな-じ,122,,4
不,не (говоря о чём-то плохом),フ・ブ,―,123,,4
力,сила,リョク・リキ,ちから,124,,4
所,место; учреждение,ショ,ところ,125,,4
明,яркий; очевидный; мудрость,メイ・ミョウ,あ-かり・あか-るい,126,,4
通,проходить; проезжать; общепринятый; знаток; улица,ツウ,とお-る・とお-り・とお-す・かよ-う,127,,4
代,менять местами; эпоха; плата,ダイ,か-わる・か-える,128,,4
顔,лицо,ガン,かお,129,,4
理,разум; принцип; закон; теория; управление чем-то,リ,(ことわり),130,,4
世,мир; эпоха; поколение,セ・セイ,よ,131,,4
場,место; рынок; физ. поле,ジョウ,ば,132,,4
田,рисовое поле,デン,た,133,,4
主,хозяин,シュ,ぬし・おも,134,,4
考,размышлять,コウ,かんが-える,135,,4
正,верный; правильный; справедливый,セイ・ショウ,ただ-しい・まさ-に・ただ-す,136,,4
動,двигаться; работать,ドウ,うご-く・うご-かす,137,,4
風,ветер; вид; манера; обычаи,フウ,かぜ,138,台風・,4
体,тело; вещество; корпус,タイ・(テイ),からだ,139,,4
声,голос,セイ・ショウ,こえ,140,,4
夜,ночь,ヤ,よる,141,,5
青,синий; голубой,セイ,あお・あお-い,142,,4
味,вкус,ミ,あじ・あじ-わう,143,,4
切,резать,セツ・セイ,き-る・き-れる,144,,4
近,близкий,キン,ちか-い,145,,4
色,цвет,ショク、シキ,いろ,146,,4
発,испускать; выпускать; публиковать; отправляться; выходить,ハツ,はっ-する,147,,4
以,посредством; префикс направления,イ,(もって),148,,4
真,правда; истина,シン,まこと,149,真実・,4
用,использовать; дело,ヨウ,(もち-いる),150,,4
頭,голова,トウ・ズ,あたま・かしら・かぶり ,151,,4
死,смерть,シ,し-ぬ,152,,4
引,тянуть,イン,ひ-く,153,,4
太,толстый; большой; великий,タイ,ふと-い・ふと-る,154,,4
音,звук,オン・イン,おと・ね,155,,4
親,родитель; родство; дружба; близость,シン,おや・した-しい ・した-しむ,156,,4
帰,возвращаться,キ,かえ-る・かえ-す,157,,4
野,поле; дикий,ヤ,の,158,,4
歩,шагать,ホ・ブ,ある-く・あゆ-む,159,,5
仕,служить; делать,シ,つか-える,160,,4
問,вопрос,モン,と-う,161,,4
教,учить; преподавать,キョウ,おし-える・おそ-わる,162,,4
有,быть; иметь,ユウ・ウ,あ-る,163,,5
着,надевать; носить; прибывать; прилипать,チャク・ジャク,つ-く・き-る・き-せる,164,,4
悪,плохой,アク・オ,わる-い,165,,4
好,нравиться,コウ,この-む・す-き,166,,4
別,другой; отделяться; расставаться,ベツ,わか-れる・わ-ける,167,,4
光,свет; сияние,コウ,ひかり・ひか-る,168,,4
村,деревня,ソン,むら,169,,4
門,ворота,モン,かど,170,,4
重,тяжёлый,ジュウ・チョウ,おも-い・かさ-ねる・ かさ-なる,171,,4
起,вставать; случаться; будить,キ,お-きる・お-こる・お-こす ,172,,4
説,объяснять; убеждать; теория,セツ,と-く,173,,4
字,буква; знак,ジ,あざ,174,,4
朝,утро,チョウ,あさ,175,,5
早,рано; быстро,ソウ,はや-い・はや-まる・はや-める,176,,4
海,море,カイ,うみ,177,,4
町,город (небольшой),チョウ,まち,178,,4
開,открывать,カイ,ひら-く・あ-く・あ-ける,179,,4
集,собирать,シュウ,あつ-める・ あつ-まる,180,募集・,4
民,народ,ミン,(たみ),181,,4
強,сильный,キョウ・ゴウ,つよ-い・つよ-まる・つ よ-める,182,,4
待,ждать,タイ,ま-つ,183,,4
遠,далёкий,エン,とお-い,184,,4
紙,бумага,シ,かみ,185,,5
楽,удовольствие; музыка,ラク・ガク,たの-しい・たの-しむ,186,,4
題,заглавие; тема,ダイ,―,187,,4
使,пользоваться,シ,つか-う,188,,4
室,комната,シツ,むろ,189,,4
始,начинаться,シ,はじ-まり・はじ-める・はじ-まる,190,,4
黒,чёрный,コク,くろ・くろ-い,191,,4
品,товар; качество чего-либо,ヒン,しな,192,商品・,4
歌,песня,カ,うた・うた-う,193,,4
界,мир; граница; физ. поле,カイ,(さかい),194,,4
病,болеть,ビョウ,や-む・やま-い,195,,4
元,начало; исток; основа,ゲン・ガン,もと,196,,4
京,столица,キョー、ケイ,―,197,,4
急,спешить,キュウ,いそ-ぐ,198,,4
業,промышленность; дело,ギョウ,わざ,199,,4
進,продвигаться,シン,すす-む・すす-める,200,,4
赤,красный,セキ,あか・あか-い,201,,5
図,чертеж; план; карта; планировать; замышлять,ズ・ト,はか-る,202,,4
画,черта; картина; рисовать,ガ・カク,え・えが-く,203,,4
運,судьба; удача; перевозить; двигаться,ウン,はこ-ぶ,204,,4
特,особый,トク,とく-に,205,,4
質,качество; характер; материя; качественность,シツ,―,206,,4
終,конец,シュウ,おわ-り・おわ-る・お-える,207,,4
乗,ехать; умножать; возводить в степень,ジョウ,の-る・の-せる,208,,4
止,остановиться,シ,と-める・と-まる・や-める・や-む,209,,4
台,подставка; сцена; счетный суффикс машин,ダイ・タイ,―,210,,4
暗,тёмный,アン,くら-い,211,,4
去,уходить,キョ,さ-る,212,,4
首,шея; главный,シュ,くび,213,,4
茶,чай; беспорядок,チャ・サ,―,214,茶道・紅茶・日本茶・,4
兄,старший брат,キョウ,あに,215,,4
春,весна; страсть; эротика,シュン,はる,216,,4
答,ответ,トウ,こた-える・こた-え,217,,4
都,столица; город,ト・シ,みやこ,218,,4
工,ремесло; техника,コウ・ク,―,219,,4
計,мерить,ケイ,はかる,220,,4
走,бежать,ソウ,はし-る,221,,5
館,здание; дворец,カン,(やかた),222,,4
広,широкий,コウ,ひろ-い・ひろ-がる・ひろ-める ,223,,5
注,наливать; запись; заказ,チュウ,そそ-ぐ・つ-ぐ,224,,4
住,жить; проживать,ジュウ・ヂュウ・チュウ,す-む,225,,5
売,продавать,バイ,う-る,226,,4
旅,путешествие,リョ,たび,227,,4
働,работа,ドウ,はたら-く,228,,4
市,город (крупный); рынок,シ,いち,229,,4
服,одежда; подчинение,フク,―,230,,4
産,рождать; имущество,サン,う-む・う-まれる,231,,4
送,посылать; провожать,ソウ,おく-る,232,,4
洋,океан,ヨウ,―,233,,4
夕,вечер,セキ,ゆう,234,,5
秋,осень,シュウ,あき,235,,4
料,оплата; материал,リョウ,―,236,,4
鳥,птица,チョウ,とり,237,,4
林,роща,リン,はやし,238,,4
肉,мясо; телесный; физический,ニク,―,239,,4
回,раз; вращать,カイ,まわ-る・まわ-す,240,,4
院,учреждение; парламент,イン,―,241,,4
員,работник; сотрудник; член,イン,―,242,,4
弟,младший брат; ученик,テイ,おとうと,243,,4
族,семья; племя,ゾク,―,244,,4
軽,лёгкий,ケイ,かる-い,245,,4
銀,серебро,ギン,(しろがね),246,,5
転,катиться; падать; переходить во что-нибудь,テン,ころ-がる・ころ-がす・ころ-ぶ,247,,4
堂,зал,ドウ,―,248,,4
夏,лето,カ,なつ,249,,4
建,строить,ケン・コン,た-てる・た-つ,250,,4
究,исследовать,キュウ,きわ-める,251,,4
弱,слабый,ジャク,よわ-い・よわ-る・よわ-める,252,,4
研,точить; изучать,ケン,と-ぐ,253,,4
験,испытывать; проверять; опыт,ケン,ため-す ・ため-し,254,実験・,4
姉,старшая сестра,シ,あね,255,,4
写,копировать,シャ,うつ-す・うつ-る,256,,4
犬,собака,ケン,いぬ,257,,4
寒,холодный,カン,さむ-い,258,,4
飯,еда; варёный рис,ハン,めし,259,,4
医,доктор,イ,―,260,,4
森,лес,シン,もり,261,,4
習,учиться,シュウ,なら-う,262,,4
低,низкий,テイ,ひく-い,263,,4
映,отражаться,エイ,うつ-る・うつ-す,264,映画,4
英,Англия; талант,エイ,―,265,,4
冬,зима,トウ,ふゆ,266,,4
短,короткий; недостаток,タン,みじか-い,267,,4
妹,младшая сестра,マイ,いもうと,268,,4
牛,корова,ギュウ,うし,269,,4
便,удобство; почта; выделения,ベン・ビン,たよ-り,270,,4
試,испытание,シ,ためす・こころ-みる,271,,4
昼,день (дневное время),チュー,ひる,272,,5
薬,лекарство,ヤク,くすり,273,,4
借,брать взаймы,シャク,か-りる,274,,4
池,пруд; водоем,チ,いけ,275,,4
洗,мыть; стирать,セン,あら-う,276,,4
区,район,ク,―,277,,4
曜,день недели,ヨウ,―,278,,4
漢,китай,カン,―,279,漢字・,4
勉,стараться,ベン,つと-める,280,,4
暑,жаркий; горячий,ショ,あつ-い,281,,4
貸,одалживать,タイ,か-す,282,,4
県,префектура,ケン,―,283,,4
菜,овощи; зелень; закуска,サイ,な,284,,4
彼,он; тот,ヒ,かれ,285,,3
的,цель; суффикс для образования прилагательных,テキ,まと,286,,3
無,ничего; без,ム・ブ,な-い,287,,3
居,проживать; находиться,キョ,い-る・お-る,288,,3
様,вид; положение,ヨウ,さま,289,,3
御,уважительный префикс,ゴ・ギョ,お-・おん-・み-,290,,3
身,тело,シン,み,291,,3
実,реальность,ジツ,み・みの-る,292,,3
然,так; суффикс признака,ゼン・ネン,しか-し,293,,3
感,чувство,カン,かん-じる,294,,3
第,префикс перед числами; указывающий на порядковый номер,ダイ,―,295,第一話・第1・,4
面,лицо; поверхность; грань; сторона,メン,おもて・おも・つら,296,,3
当,этот; данный; правильный; выполнять обязанности,トウ,あ-たる・あ-てる,297,,3
君,ты,クン,きみ,298,,3
成,становиться; образовывать; расти; результат,セイ,な-る,299,成り上がり・,3
取,брать,シュ,と-る,300,,4
向,направление,コウ,む-く・む-ける・む-かう・む-こう ,301,,3
部,часть; отдел; отделение; экземпляр,ブ,―,302,,4
神,ками,シン・ジン,かみ,303,,3
内,внутри,ナイ・ダイ,うち,304,,4
相,взаимный,ソウ・ショウ,―,305,,3
葉,лист; листва,ヨウ,は,306,,3
全,целый,ゼン,すべ-て・まった-く,307,,4
現,появляться; реальность; нынешний,ゲン,あらわ-れる・あらわ-す,308,,3
平,плоский; ровный; обычный; простой,ヘイ,たいら・ひら,309,,3
笑,смех; улыбка,ショウ,わらう・えむ,310,,3
得,получать; понимать; прибыль,トク,え-る・う-る,311,,3
美,прекрасный; красивый,ビ,うつく-しい,312,美味しい・,3
次,следующий,シ・ジ,つ-ぎ・つ-ぐ,313,,3
夫,муж,フ・フウ,おっと,314,,3
対,противоположный,タイ,―,315,,3
情,чувства; обстоятельства,ジョウ,なさ-け,316,,3
表,выражать; поверхность; таблица,ヒョウ,おもて・あらわ-す,317,,3
落,падать; посёлок; юмор,ラク,お-ちる・お-とす,318,,3
性,пол; характер; натура,セイ・ショウ,―,319,,3
最,самый,サイ,もっと-も,320,,3
馬,лошадь,バ,うま,321,,3
等,равный; класс; разряд; суффикс множественного числа,トウ・ラ,ひと-しい・など,322,,3
形,форма; образ,ケイ・ギョウ,かたち・かた,323,,3
変,изменяться; странный; происшествие; несчастный случай,ヘン,か-わる・か-える,324,,4
込,переполненный; вкладывать; включать,―,こ-む・こ-める,325,,2
信,доверие; сигнал; сообщение,シン,―,326,,3
初,первый; начало,ショ,はじ-め・はつ,327,初恋・初日・,3
論,теория; рассуждать,ロン,―,328,,3
記,записывать,キ,しる-す,329,,3
直,прямой; исправлять; лечить; поправляться; сразу же; скоро,チョク・ジキ,なお-す・なお-る・ただ-ちに,330,,3
法,закон; метод; религия; мат. операции,ホウ,―,331,,3
達,достигать; доставлять; суффикс множественного числа,タツ・タチ,たっ-する,332,先生達・,3
活,живой; активный,カツ,い-きる・い-かす・い-ける,333,,3
結,узел; соединять; формировать,ケツ,むす-ぶ・ゆ-う,334,,3
点,точка; место; пункт,テン,つ-ける・つ-く,335,,3
流,течение,リュウ,なが-れる・なが-す,336,,3
和,гармония; Япония; смягчаться; смягчать,ワ,やわ-らぐ・なご-む,337,和食・和服・和室・,3
若,молодой; или же; или,ジャク,わか-い・も-しくは,338,,3
違,отличаться; ошибаться,イ,ちが-う,339,,3
底,дно,テイ,そこ,340,,3
想,мысль; представлять,ソウ,おも-う,341,,3
返,возвращать; ответ,ヘン,かえ-す・かえ-す,342,,4
愛,любовь; любимый; дорогой; бедный; жалкий ,アイ,いと-しい,343,,3
原,луг,ゲン,はら・もと,344,,3
他,другой,タ,ほか,345,,3
処,распоряжаться; наказание; место,ショ,ところ,346,,2
置,класть,チ,お-く,347,,3
化,изменяться; превращаться,カ・ケ,ば-ける,348,,3
命,жизнь; приказ,メイ・ミョウ,いのち,349,,3
数,цифра; число,スウ,かず・かぞ-える,350,,3
関,застава; барьер; иметь отношение,カン,かか-わる・せき,351,,3
付,присоединять,フ,つ-ける・つ-く,352,,3
解,развязывать; разбирать; понимать; разгадывать; расторгать,カイ,と-く・と-ける,353,,3
石,камень,セキ,いし,354,,3
常,обычный; постоянный,ジョウ,つね,355,,3
要,быть нужным; требоваться; важный; суть,ヨウ,い-る・かなめ,356,,3
苦,страдать,ク,くる-しい・にが-い,357,苦労・,3
定,определять,テイ・ジョウ,さだ-める・さだ-まる,358,,3
過,превышать; проходить мимо; проводить время; совершить ошибку; ошибка,カ,す-ぎる・す-ごす・あやま-ち,359,,3
戸,дверь,コ,と,360,,3
飛,летать,ヒ,とぶ,361,飛行機・飛び込む・,3
助,помощь,ジョ,たす-ける・たす-かる,362,,3
庫,хранилище; склад,コ,くら,363,,3
在,быть; существовать,ザイ,あ-る,364,,3
供,предоставлять,キョウ・ク,とも・そな-える,365,,2
申,говорить; докладывать,シン,もう-す,366,,3
兵,солдат,ヘイ,(つわもの),367,兵隊・,2
機,механизм; момент; состояние человека,キ,(はた),368,計算機・,3
深,глубокий; углубляться; углублять,シン,ふか-い・ふか-まる・ふか-める,369,,3
草,трава,ソウ,くさ,370,,3
決,решать,ケツ,き-める・き-まる,371,,4
張,натягивать,チョウ,は-る,372,,1
戦,война; сражение,セン,たたか-う・いくさ,373,,3
覚,помнить; чувство; ощущение; просыпаться,カク,おぼ-える・さ-ます・さ-める・さと-る,374,,3
呼,звать,コ,よ-ぶ,375,,4
由,причина,ユウ・ユ,よし,376,,3
必,неизбежный; обязательный,ヒツ,かなら-ず,377,,3
打,ударять,ダ,う-つ,378,,3
利,прибыль; выгода; острый,リ,き-く,379,,3
連,связь; вытягиваться цепью; ставить в ряд; брать с собой,レン,つ-れる・つら-なる,380,,4
余,излишек; слишком; оставаться в излишке,ヨ,あま-る・あま-り,381,,3
調,тон; выяснять; расследовать ,チョウ,しら-べる,382,,4
皆,все; всё,カイ,みな・みんな,383,,3
突,ударять; неожиданно,トツ,つ-く,384,,2
可,одобрять; возможный,カ,―,385,,3
根,корень,コン,ね,386,根元・,3
術,искусство; умение,ジュツ,(すべ),387,,3
老,старость,ロウ,お-いる・ふ-ける,388,老人・,3
治,управлять; лечить,チ・ジ,おさ-める・なお-す,389,,3
受,принимать; подвергаться,ジュ,う-ける,390,,4
念,мысль,ネン,―,391,,3
島,остров,トウ,しま,392,,3
種,семя; биол. вид,シュ,たね,393,,3
公,общественный,コウ・ク,おおやけ,394,,4
座,сидеть; место для сидения,ザ,すわ-る,395,,4
残,остаток,ザン,のこ-る・のこ-す・のこ-り,396,,4
殺,убить,サツ,ころ-す,397,殺人・殺人実験・人殺し・,3
船,корабль,セン,ふね・ふな-,398,船便・,3
恐,страх; бояться; страшный; бояться ,キョウ,おそ-れる・おそ-ろしい・こ わ-い・ こわ-がる,399,恐怖・,2
経,управлять; проходить,ケイ・キョウ,へ-る・た-つ,400,,3
観,вид; осматривать; взгляд,カン,み-る,401,,3
番,номер; сторож; пара (самец и самка),バン,つが-い,402,,3
存,существовать; сохраняться; знать; быть знакомым ,ソン・ゾン,そん-する・ぞん-じる,403,ご存知ですか?・,2
師,учитель; военный; суф. профессии,シ,―,404,教師・,3
伝,передавать; передаваться ,デン,つた-わる・つた-える,405,伝説・,4
式,церемония; стиль; формула,シキ,―,406,,3
寄,приближаться; подходить,キ,よ-る,407,,3
果,плод; выполнять; осуществлять; заканчиваться; конец; край,カ,は-たす・は-てる・は-て,408,果たす・果てる・果て・,3
程,мера; степень; расстояние; распорядок,テイ,ほど,409,,3
両,оба,リョウ,―,410,,3
横,горизонтальный; бок,オウ,よこ,411,,3
識,сознание; знание,シキ,―,412,,3
反,против; анти-; изгибаться ,ハン・タン,そ-る,413,,3
娘,дочь; девушка ,ジョウ,むすめ,414,,2
議,обсуждение; предложение,ギ,―,415,,3
軍,армия,グン,―,416,軍隊・,3
能,способность; действие; эффект,ノウ,よく,417,能力・,3
失,терять; убыток; ошибка,シツ,うしな-う,418,失敗・,3
路,дорога; путь,ロ,じ,419,,3
寝,ложиться спать,シン,ね-る,420,,4
非,не; плохой; неправильный,ヒ,―,421,,3
告,сообщать,コク,つ-げる,422,,3
細,мелкий; подробный; тонкий; узкий; сужаться,サイ,こま-かい・ほそ-い・ほそ-る,423,,3
共,вместе,キョウ,とも,424,,3
酒,алкоголь; сакэ,シュ,さけ,425,,3
婦,дама; замужняя женщина ,フ,―,426,,3
加,добавлять; прилагать; присоединяться; прибавляться,カ,くわ-える・くわ-わる,427,,3
際,край,サイ,きわ,428,,3
息,дыхание,ソク,いき,429,,3
指,палец; указывать,シ,ゆび・さ-す,430,,3
武,военный; военное дело,ブ・ム,―,431,武士・,3
判,личная печать; судить о чем-либо; разбираться,ハン・バン,はん-じる・わか-る,432,,3
支,филиал; подпирать; поддерживать; застревать; стопориться,シ,ささ-える・つか-える,433,,3
客,гость; клиент; посетитель,キャク、カク,―,434,,3
片,один из двух; листок; клочок; уладить; разобраться,ヘン,かた,435,片羽・片を付ける・,2
良,хороший,リョウ,よ-い・い-い,436,了解・,3
例,пример,レイ,たと-える,437,,3
雪,снег,セツ,ゆき,438,,3
望,желание; надежда,ボウ,のぞ-む,439,,3
王,правитель,オウ,―,440,,3
位,ранг; чин; звание,イ,くらい,441,,3
難,трудный; тяжелый;　невозможный,ナン,むずか-しい、かた-い,442,,2
政,политика,セイ,(まつりごと),443,政治・政治家・,3
芸,искусство; мастерство; талант,ゲイ,―,444,芸能・芸実・,3
胸,грудь; сердце; душа,キョウ,むね,445,,2
故,обстоятельства,コ・ク,ゆえ,446,,1
勢,сила; мощь; энергия; ход событий,セイ・ゼイ,いきお-い,447,,3
準,стандарт; полу,ジュン,―,448,,3
配,распределять,ハイ,くば-る,449,,3
階,этаж; ступень; уровень,カイ,―,450,,3
幸,счастье,コウ,しあわ-せ・さいわ-い・さち,451,,3
役,роль; обязанности,ヤク・エキ,―,452,役人・,3
絶,прекращаться; абсолютный,ゼツ,た-える・た-やす・た-つ,453,,3
巻,свиток; том; книга; свертывать; скручивать; заводить часы,カン・ケン,ま-き・ま-く,454,,2
渡,переправляться; переходить через; переправлять; передавать,ト,わた-る・わた-す,455,,2
段,ступень; стадия,ダン,―,456,段々・階段・,3
勝,побеждать; превосходить,ショウ,か-つ・まさ-る・すぐ-れる,457,勝つ・優勝する・,3
角,угол,カク,かど,458,,3
消,гасить; тушить; исчезать,ショウ,き-える・け-す,459,,4
制,контроль; ограничивать; система; строй,セイ,せい-する,460,制する・,3
奥,глубь,オウ,おく,461,,2
夢,сон; мечта,ム,ゆめ,462,,3
背,сзади; спина; рост; противоречить,ハイ,せ・せい・そむ-く,463,背く・,3
追,преследовать; следовать; прогонять,ツイ,お-う,464,,3
波,волна,ハ,なみ,465,,3
続,продолжаться,ゾク,つづ-く,466,,4
極,крайняя степень; полюса,ゴク・キョク,きわ-まる・きわ-める,467,,3
守,защищать,シュ,まも-る,468,,3
悲,печальный,ヒ,かな-しい・かな-しむ,469,,3
線,линия,セン,―,470,,4
限,предел; ограничивать,ゲン,かぎ-る・かぎ-り,471,,3
放,отпускать,ホウ,はな-す・はな-つ・はな-れる・ほう-る,472,,3
寺,буддийский храм,ジ,てら,473,,3
蔵,кладовая; склад,ゾウ,くら・ぞう-する,474,冷蔵庫・,2
精,жизненная энергия,セイ・ショウ,―,475,,3
断,отрезать; прерывать; утверждение; заключение,ダン,た-つ・ことわ-る,476,,3
格,разряд; ранг; положение,カク,―,477,,3
押,надавить,オウ,お-す・お-さえる,478,,3
容,вмещать; принимать; форма; вид,ヨウ,―,479,,3
類,сорт; сходство,ルイ,たぐい,480,,3
与,давать; предоставлять; участвовать,ヨ,あた-える,481,,2
静,тихий; спокойный,セイ,しず-か,482,,3
鳴,звучать; чирикать; щебетать; мычать и т. д.,メイ,な-く・な-る,483,,3
宿,гостиница; оставаться на ночь,シュク,やど・やど-る,484,宿る・,3
折,сгибать; ломать; ломаться; быть сломанным,セツ,お-れる・お-る,485,,3
遊,играть; развлекаться; путешествовать,ユウ,あそ-ぶ・あそ-ばす,486,遊園地・,3
浮,плавать; плавающий; нестабильный,フ,う-く・う-かべる,487,,2
久,долгий; продолжительный,キュウ,ひさ-しい,488,,3
庭,сад; двор,テイ,にわ,489,,3
妻,жена,サイ,つま,490,,3
史,история,シ,―,491,,3
忘,забывать,ボウ,わす-れる,492,,3
造,изготовлять,ゾウ,つく-る,493,,2
降,спускаться; выходить из транспорта; спускать; выпадать; идти (о дожде етк),コウ・ゴ,お-りる・ふ-る・お-ろす,494,,4
泣,плакать,キュウ,な-く,495,,3
談,разговор; беседа; рассказ,ダン,―,496,,3
側,сторона,ソク,かわ・がわ・そば,497,,3
科,Отделение; факультет; курс,カ,―,498,,3
舞,танец,ブ,まい・ま-う,499,,2
像,изображение,ゾウ,―,500,,3
交,пересекаться; общаться; обмениваться; быть смешанным; смешивать,コウ,まじ-わる・まじ-える・ま-ざる・ ま-ぜる ,501,,3
頼,просить; поручать; полагаться,ライ,たの-む・たよ-る,502,,2
異,отличаться,イ,こと,503,,1
越,пересекать,エツ,こ-す・こ-える,504,,3
谷,долина; ущелье,コク,たに,505,,3
志,намерение,シ,こころざし・こころざ-す,506,志・志す・,1
号,номер; знак,ゴウ,―,507,,3
熱,горячий; температура,ネツ,あつ-い,508,,3
象,слон; явление; объект,ショウ・ゾウ,かたど-る,509,象る・,3
確,определённый; достоверный,カク,たし-か・たし-かめる,510,,3
係,главный,ケイ,かかり、かか-る・かか-わる,511,,3
似,похожий,ジ,に-る,512,,3
血,кровь,ケツ,ち,513,,3
参,участвовать; приходить; идти; посетить,サン,まい-る,514,,3
組,команда,ソ,く-み・く-む,515,,3
逃,убежать; сбежать,トウ,に-げる・に-がす,516,,2
清,чистый,セイ・ショウ,きよい・きよ-まる・きよ-める,517,,2
吹,дуть,スイ,ふ-く,518,,3
満,полный,マン,み-ちる・み-たす,519,,3
件,дело; происшествие,ケン,―,520,,3
諸,различные; многие; все,ショ,―,521,,2
腹,живот,フク,はら・(なか),522,お腹・腹減った・,3
抜,вытаскивать; удалять; выниматься; выпадать; допускать промах; опускать,バツ・ハツ・ハイ,ぬ-く・ぬ-ける・ ぬ-かる・ぬ-かす,523,,2
許,разрешать,キョ,ゆる-す,524,,3
城,замок; крепость,ジョウ,しろ,525,,2
河,река,カ,かわ,526,,3
晩,вечер; поздний,バン,―,527,,3
将,генерал; вот-вот; почти что,ショウ,―,528,,2
雑,всякого рода; смешивать; быть смешанным,ザツ・ゾウ,ま-じる,529,雑じる・,3
昔,прошлое; в старину,セキ,むかし,530,,3
示,указывать на что-либо; показывать,ジ・シ,しめ-す,531,,3
窓,окно,ソウ,まど,532,,2
独,один; в одиночку; Германия,ドク,ひと-り,533,独身・,3
困,затруднение,コン,こま-る,534,,4
雲,облако,ウン,くも,535,,3
喜,радоваться,キ,よろこ-ぶ,536,,3
期,период времени,キ・ゴ,―,537,,3
官,чиновник; государственная служба,カン,―,538,,3
更,обновлять; ещё,コウ,さら-に・ふ-ける・ふ-かす,539,,2
暮,сумерки; конец дня; кончаться; смеркаться; жить; существовать; существование,ボ,く-らす・く-らし・くれ,540,一人暮らし・,2
並,средний; обычный; ставить в ряд; стоять в ряд; ряд; линия,ヘイ,な-み・なら-べる・なら-ぶ,541,,2
抱,обхватывать; обнимать; держать на руках; держать в услужении,ホウ,だ-く・いだ-く・かか-える,542,,2
曲,мелодия; сгибать; искривлять; сгибаться; искривляться,キョク,ま-げる・ま-がる,543,,3
冷,холодный,レイ,つめ-たい・ひ-える・さ-める,544,冷凍・,3
単,простой; отдельный; единичный,タン,―,545,簡単・,3
状,форма; положение; состояние; вид; послание,ジョウ,―,546,,3
痛,боль,ツウ,いた-い・いた-み,547,,3
薄,тонкий; бледный; слабый; разбавлять; уменьшаться,ハク,うす-い・うす-める・,548,,2
橋,мост,キョウ,はし,549,,3
裏,изнанка; оборотная сторона,リ,うら,550,,2
求,требовать; искать,キュウ,もと-める,551,,3
差,разница ,サ,—,552,差別・,3
保,сохранять; поддерживать; заботиться; ручаться,ホ,たも-つ,553,,1
具,принадлежности; орудие; оборудовать чем-либо ,グ,そな-える,554,道具・,3
破,ломать; разрушать; преодолевать,ハ,やぶ-る・やぶ-れる,555,破壊・,3
労,труд,ロウ,—,556,,3
改,менять; переделывать,カイ,あらた-める・あらた-もる,557,,3
散,разбрасывать; разбрасывать как попало; быть разбросанным; рассыпаться; осыпаться,サン,ち-らす・ち-らかす・ち-らかる・ち-る,558,,3
末,конец; окончание,マツ・バツ,すえ,559,,3
構,конструкция,コウ,かま-える・かま-う,560,,3
途,путь,ト,―,561,,2
米,рис,ベイ・マイ,こめ,562,米国・,3
岸,берег,ガン,きし,563,,3
辺,окрестности; берег; граница,ヘン,あた-り,564,辺り・,3
劇,театр; драма; пьеса; яростный; страстный,ゲキ,はげ-しい,565,,2
緒,начало; шнур; тесьма; струна ,ショ,お,566,,2
景,вид; пейзаж; состояние,ケイ,―,567,,3
絵,картина,エ・カイ,―,568,,3
刻,гравировать; время,コク,きざ-む,569,遅刻・,3
条,статья; параграф; пункт; линия,ジョウ,―,570,条件・,1
疑,сомневаться; подозревать,ギ,うたが-う,571,,2
負,отрицательный; проигрывать; побеждать; нести на спине,フ,ま-ける・お-う,572,,3
認,признавать; одобрять; разрешать,ニン,みと-める,573,,3
殿,дворец; барин; господин,デン,との,574,殿下・,2
丸,круг,ガン,まる・まる-い,575,,3
案,план; идея,アン,―,576,,3
応,реагировать; отвечать,オー,こたえる,577,,3
評,оценка; критика; обсуждение,ヒョー,―,578,,3
腰,поясница,ヨウ,こし,579,,2
商,торговать,ショウ,あきな-う,580,,3
毛,волосы; шерсть,モウ,け,581,,3
争,спор; борьба,ソウ,あらそ-う,582,,3
未,пока еще не...; никогда еще,ミ,ま-だ・いま-だ,583,,3
羽,перья; перо; крылья; сч. суф. птиц и кроликов,ウ,は・はね・~わ,584,,3
恋,любовь; любимый; возлюбленный,レン,こい・こい-しい,585,恋しい・,2
髪,волосы (на голове),ハツ,かみ,586,,2
伸,растягиваться,シン,の-びる・の-ばす,587,,2
探,искать; разведывать,タン,さが-す・さぐ-る,588,,3
玉,драгоценный камень; шар; мяч,ギョク,たま,589,,3
介,посредничать,カイ,―,590,紹介・,2
察,инспектировать; предполагать; догадка; сочувствие,サツ,さっ-する・さっ-し,591,,3
比,сравнивать,ヒ,くら-べる,592,,3
版,издание; выпуск; печать,ハン,―,593,,2
歳,возраст; год,サイ,とし,594,,2
煙,дым,エン,けむり・けむ-る・けむ-い,595,,2
快,приятный; прекрасный,カイ,こころよ-い,596,,3
福,удача; счастье,フク,―,597,,2
団,объединение; группа,ダン・トン,―,598,,3
優,превосходный; изящный; актёр,ユウ,やさ-しい、すぐ-れる,599,,3
衣,одеяние,イ,きぬ・(ころも),600,,2
叫,кричать,キョウ,さけ-ぶ,601,,2
礼,поклон; вежливость; благодарность; церемония,レイ,―,602,,3
岩,скала; горная порода,ガン,いわ,603,,3
器,сосуд; инструмент; способности,キ,うつわ,604,,3
願,просить; желать,ガン,ねが-う・ねが-い,605,,3
昨,прошлый (о времени),サク,―,606,,3
腕,рука (от плеча до кисти); умение,ワン,うで,607,,3
投,бросать,トウ,な-げる,608,,3
歴,биография; последовательно,レキ,―,609,,2
候,климат; симптом,コウ,—,610,,3
予,заранее,ヨ,あらかじ-め,611,,3
再,Повторно,サイ・サ,ふたた-び,612,,3
報,сообщение; известие; отплачивать,ホウ,むく-いる,613,,3
筆,кисть,ヒツ,ふで,614,,3
倒,падать; валиться,トウ,たお-れる・たお-す,615,,3
眠,спать,ミン,ねむ-る・ねむ-い,616,,2
留,останавливать; задерживать,リュウ,と-める・と-まる・とど-める,617,,3
退,отступать,タイ,しりぞ-く・しりぞ-ける,618,,3
演,выступать,エン,―,619,演劇・,3
永,вечный,エイ,なが-い,620,,2
州,провинция; мель,シュウ・ス,す,621,,3
個,индивидуальный,コ・カ,―,622,個人的・,3
約,сокращать; приблизительно; обещание,ヤク,―,623,,3
囲,окружать,イ,かこ-む,624,,3
床,постель; пол,ショウ,とこ・ゆか・ゆか-しい,625,,2
罪,преступление; вина; кара,ザイ,つみ,626,,3
仏,Будда,ブツ・フツ,ほとけ,627,,3
坂,холм,ハン,さか,628,,3
職,должность; профессия,ショク,―,629,,3
育,растить; воспитывать,イク,そだ-つ・そだ-てる,630,,3
骨,кость,コツ,ほね,631,,2
仲,отношения; посредник,チュウ,なか,632,,3
涙,слезы,ルイ,なみだ,633,,2
済,окончиться; уплачивать; помогать,サイ,す-む,634,,2
焼,жарить,ショウ,や-く,635,,3
徒,последователь; ученик; группа людей; человек; напрасный,ト,いたずら,636,,3
節,сустав; узел; мотив; отрезок времени; экономить,セツ,,637,,3
枝,ветвь,シ,えだ,638,,2
肩,плечо,ケン,かた,639,,2
乱,беспорядок; злоупотребление,ラン,みだ-れる・みだ-す,640,,2
陽,солнце; ян,ヨウ,―,641,,3
善,добро; правильный,ゼン,よい,642,,3
鼻,нос,ビ,はな,643,,3
富,богатство,フ,と-み・と-む,644,,3
警,полиция; предостерегать,ケイ,いまし-める,645,,2
香,аромат,コウ,かお-り,646,,2
壁,стена,ヘキ,かべ,647,,3
任,поручать; доверять; назначать,ニン,まか-せる,648,,3
戻,возвращать,レイ,もど-る・もど-す,649,,3
給,зарплата; снабжать,キュウ,―,650,,3
怒,сердиться; гнев,ド,おこ-る・いか-り,651,,3
星,звезда; небесное тело; мишень,セイ,ほし,652,,3
周,окружность,シュウ,まわり,653,,3
権,права; власть,ケン・ゴン,―,654,,2
接,соединять; соприкасаться,セツ,つ-ぐ,655,,3
竹,бамбук,チク,たけ,656,,3
価,цена; ценность,カ,あたい,657,,
鉄,железо,テツ,くろがね,658,,4
照,светить; сопоставлять; прицеливание,ショウ,て-る・て-らす,659,,2
黄,жёлтый,コウ・オウ,き,660,黄色・,2
登,взбираться,トウ・ト,のぼ-る,661,,3
紅,алый,コウ・ク,べに・くれない,662,,2
務,долг; обязанности; дела,ム,つと-める,663,,3
板,доска; плита,ハン・バン,いた,664,,3
局,офис,キョク,―,665,,3
坊,мальчик; монах; суффикс лица,ボウ,ぼう-や・ぼう-さん,666,,2
布,ткань,フ,ぬの,667,,3
祖,предок; основатель,ソ,―,668,,4
毒,яд,ドク,―,669,解毒・毒薬・,2
帯,пояс; лента; носить при себе,タイ,おび・お-びる,670,,3
婚,брак,コン,―,671,,3
児,дитя,ジ・ニ,こ,672,,2
刷,печатать,サツ,す-る,673,,3
束,связка; пучок,ソク,たば,674,,3
怖,страшный,フ,こわ-い,675,,2
園,сад,エン,その,676,,4
移,перемещаться; меняться,イ,うつ-る・うつ-す,677,　,3
普,обычный; всеобщий,フ,あまね-く,678,,2
易,лёгкий; торговля; гадание,エキ・イ,やさ-しい ・やす-い ,679,,3
境,граница; обстоятельства; состояние,キョウ,さかい,680,,3
湯,горячая вода,トウ,ゆ,681,,3
因,причина,イン,よ-る,682,原因・,3
枚,счётное слово для плоских предметов,マイ,―,683,,2
積,нагромождать; оценка,セキ,つ-む,684,,3
仮,временный; ненастоящий; предполагаемый,カ,かり,685,,
修,учиться; чинить,シュー,おさめる,686,,
章,глава (например; книги); значок; эмблема,ショー,―,687,,
訪,посещать,ホウ,おとず-れる・たず-ねる,688,,2
純,беспримесный; чистый,ジュン,じゅん-な,689,,2
才,талант,サイ,―,690,,3
荒,бурный; грубый; заброшенный,コウ,あら-い・あ-れる,691,,2
欲,желание; жадность,ヨク,ほ-しい,692,,2
印,знак; печать,イン,しるし,693,,3
晴,ясная погода,セイ,は-れる・は-れ,694,,3
沈,тонуть; погружаться,チン,しず-む・しず-める,695,,2
払,платить; чистить; усилительный суффикс,フツ,はら-う,696,,3
危,опасный,キ,あぶ-ない・あや-うい,697,,3
固,твёрдый,コ,かた-い,698,頑固・,3
尊,почитать; уважать,ソン,(たっと-い)・(とうと-い),699,,2
席,место для сидения; помещение; посещение,セキ,―,700,,4
軒,край крыши; дом,ケン,のき,701,,2
割,делить; разделять; уступать; соотношение величин,カツ,わり・わ-る・わ-れる ,702,,3
捨,выбрасывать,シャ,す-てる,703,,4
府,префектура; правительство,フ,―,704,,3
皮,кожа,ヒ,かわ,705,,3
群,группа; толпа,グン,むれ・む-れる,706,,2
備,запасать; оборудовать; готовиться,ビ,そな-える,707,,3
述,высказывать,ジュツ,の-べる,708,,2
著,автор; примечательный,チョ,あらわ-す・いちじる-しい,709,,2
令,приказ; вежливый префикс; указывающий на родство,レイ,―,710,,3
装,наряд; упаковка; снаряжать,ソウ,よそお-う,711,装備・,2
速,быстрый,ソク,はや-い,712,,3
迷,заблудиться; замешательство,メイ,まよ-う,713,,3
選,выбирать,セン,えら-ぶ,714,,3
値,величина; цена,チ,ね・あたい,715,,2
各,каждый,カク,おのおの,716,,3
灯,лампа; свет,トウ,—,717,,2
温,тёплый; температура,オン,あたた-かい,718,,3
技,навык,ギ,わざ,719,,
包,обёртывать; заворачивать,ホウ,つつ-む,720,,3
承,соглашаться; слушать; наследовать,ショウ,うけたまわ-る・う-ける,721,,2
資,средства; ресурсы; капитал,シ,―,722,,3
亡,покойный; смерть,ボウ,ない・な-くす・な-くなる,723,,2
勇,храбрость,ユウ,いさむ,724,,2
増,увеличивать(ся); прибавлять(ся);,ゾウ ,ふ-える・ふ-やす ,725,,3
互,взаимный ,ゴ,たが-い,726,,2
傾,наклон; наклоняться; быть склонным; наклонять; склонять,ケイ ,かたむ-く・かたむ-ける,727,,2
否,нет; отрицать,ヒ,いな・いや ,728,否と言う・否定・,2
詰,набивать; упакованный,キツ,つ-まる ・つ-む ,729,,2
吸,сосать; курить; высасывать,キュウ,す-う,730,,3
領,Территория ,リョウ,—,731,,2
列,ряд,レツ,—,732,,3
般,категория; род; вид; обычный ,ハン,—,733,一般人・,2
量,количество; вес; объём; измерять,リョウ,はか-る,734,,2
頂,вершина; пик; брать; получать; есть; пить,チョウ ,いただ-く・いただ-き,735,,2
農,сельское хозяйство,ノウ,―,736,農家・,3
虫,насекомое,チュウ,むし,737,,3
触,трогать; прикасаться; задевать; упоминать; распускать слухи,ショク,さわ-る・ふ-れる,738,,2
復,восстановление; снова; возвращаться к чему-л; возвращать себе,フク,また・ふく-する,739,,2
完,совершенный; безупречный; завершение,カン,―,740,,3
害,вред,ガイ,―,741,,3
層,слой; пласт; прослойка,ソウ,,742,,2
杯,чарка; чашка для сакэ; рюмка; сч. суффикс для выпитых рюмок ,ハイ,さかずき,743,,2
到,прибытие,トウ,いたる,744,到着・,2
輪,колесо; круг; кольцо,リン,わ,745,,3
荷,ноша; груз; багаж,カ,に,746,,3
刺,колоть,シ,さ-す・さ-さる,747,刺身・,2
迎,выходить на встречу; встречать; принимать у себя,ゲイ,むか-える,748,,2
箱,коробка,(ソウ),はこ,749,,3
浅,мелкий,セン,あさ-い,750,,2
貧,бедный; нуждающийся; скудный ,ヒン・ビン,まず-しい,751,貧乏・,2
暴,насилие; бушевать; буянить; раскрывать; разоблачать,ボウ,あば-れる,752,,2
総,общий; все; всё; полностью; управлять; объединять,ソウ,すべ-て ,753,総合・,2
敬,уважать,ケイ・キョウ,うやま-う,754,,2
閉,закрывать,ヘイ,と-じる・し-める,755,,4
埋,зарывать; хоронить; быть зарытым; быть засыпанным,マイ ,う-める・う-まる,756,,2
捕,ловить; схватить; арестовать; быть пойманным; быть охваченным,ホ,と-らえる・つか-まえる・と-らわれる・つか-まる・と-る,757,,2
批,criticism,,,758,,
逆,наоборот; противоположность; идти против,ギャク,さから-う・さか-さ,759,,2
臣,подданный,シン・ジン,―,760,,3
級,уровень; ранг,キュウ,―,761,,3
宅,Дом,タク,—,762,,2
泉,родник,セン,いずみ,763,,2
祭,фестиваль,サイ,まつ-り,764,,3
了,конец; понимать,リョウ,―,765,,2
依,зависеть от чего-л; прибегать к чему-л ,イ・エ,よ-る,766,,2
恥,стыд,チ,はじ・は-じる・は-ずかしい ,767,,2
珍,редкостный; необычный; диковинный,チン,めずら-しい ,768,,2
隅,внутренний угол,グウ,すみ,769,,2
植,сажать; сеять,ショク,う-える,770,,2
基,foundation,,,771,,
健,здоровый,,,772,,
震,дрожать; трястись; землетрясение,シン,ふる-える,773,,2
棒,палка; дубинка; шест; черта; линия,ボウ,—,774,,2
額,сумма; количество; картина в раме; лоб,ガク,ひたい,775,,2
砂,песок,サ,すな,776,,2
展,expand,,,777,,
疲,уставать,ヒ,つか-れる,778,,3
翌,следующий (день; месяц; год),ヨク,—,779,,2
猫,кошка,ビョウ,ねこ,780,,2
豊,обильный; богатый,ホウ,ゆた-か,781,,3
犯,преступник; нарушать; совершать преступление,ハン,おか-す,782,,3
被,подвергаться; надевать на голову; быть облитым; заслонять,ヒ,こうむ-る・かぶ-る・おお-う ,783,,2
油,масло,ユ,あぶら,784,,3
講,лекция ,コウ,—,785,,3
順,согласие,ジュン ,—,786,,2
憎,ненавидеть; ненавистный; противный; ненависть,ゾウ,にく-む・にく-い・にく-らしい・にく-しみ,787,,2
辞,отставка; слово; речь; обращение; уходить в отставку,ジ,や-める,788,,2
混,смешивать; подмешивать; быть смешанным,コン,ま-ぜる・ま-じる・ま-ざる,789,,3
欠,недостача; зевота; не хватать; недоставать; нуждаться,ケツ,か-ける・か-く,790,,3
姓,фамилия ,セイ,—,791,,2
泊,ночевать; оставаться на ночь; оставлять на ночь; сч. суф. ночевок,ハク,と-まる・と-める,792,,2
減,уменьшаться; стираться; уменьшать ,ゲン,へ-る・へ-らす,793,,2
召,вызывать; звать; посылать за кем-л ,ショウ,め-す,794,,2
袋,Мешок ,タイ,ふくろ,795,,2
型,модель; форма,ケイ,かた,796,,3
誌,журнал; запись; описание,シ,—,797,,2
燃,гореть; пылать; зажигать,ネン,も-える・も-やす,798,,2
舟,лодка,シュウ,ふね・ふな,799,,2
陸,земля; суша,リク・ロク,—,800,大陸・,3
救,спасение,キュウ,すく-う,801,,2
誤,ошибка; промах; ошибаться; вводить в заблуждение,ゴ,あやま-り・あやま-る,802,誤解・,2
勤,исполнять обязанности; служить; исполнять роль; годиться; справляться,キン ,つと-める・つと-まる,803,,2
製,изготовлять; сделано в... ,セイ,—,804,,3
険,крутой; опасный,ケン,けわ-しい,805,,3
糸,нить,シ,いと,806,,3
検,проверять; расследовать,ケン,しら-べる,807,,3
希,надежда; редкий,キ,―,808,,3
省,министерство; рефлексия; всматриваться в себя; исключать; сокращать ,セイ・ショウ,かえり-みる ・はぶ-く ,809,,3
敗,неудача,ハイ,やぶ-れる,810,,3
旧,старое; прошлое,キュウ,―,811,,2
畳,Татами,ジョウ,たたみ・たた-む,812,,2
責,ответственность; упрекать,セキ,せ-める,813,,3
耕,земледение,コウ,たがや-す,814,,2
司,управлять; ведать,シ,―,815,,
慣,привыкать; приучать,カン,な-れる・な-らす,816,,3
編,вязать; составлять,ヘン,あ-む,817,,3
査,проверять; расследовать,サ,—,818,,3
党,политическая партия,トウ,—,819,,2
除,устранять; убирать; исключать ,ジョ,のぞ-く,820,,2
踊,танцевать; плясать; танец,ヨウ ,おど-る・おど-り,821,,2
咲,цвести,ショウ,さく,822,,2
設,учреждать; устраивать; оборудовать; иметь ребёнка ,セツ,もう-ける,823,,2
歯,зуб,シ,は,824,,3
机,стол; парта ,キ,つくえ,825,,2
浴,купаться,ヨク,あ-びる,826,,3
簡,простота,カン,―,827,,2
適,надлежащий; соответствовать; подходить,テキ,かな-う,828,,3
看,watch over,,,829,,
録,запись ,ロク,,830,,3
費,расходы,ヒ,つい-やす,831,,3
栄,расцвет; величие; процветать; блистать; сверкать,エイ,さか-える・は-える,832,,3
延,растягивать; продлевать; простираться; тянуться; отсрочка платежа,エン,の-ばす ・の-びる,833,,2
球,шар,キュウ,たま,834,,3
甘,сладкий,カン,あま-い・あま-やかす,835,,2
収,доход; получать; собирать; сжимать,シュウ,おさ-める,836,,2
宝,сокровище,ホウ ,たから,837,,2
泥,грязь; слякоть ,デイ,どろ,838,,2
帽,головной убор; шляпа ,ボウ,—,839,帽子・,2
辛,острый; горький; солёный; тяжёлый,シン ,から-い・つら-い,840,,2
材,материал ,ザイ,—,841,,3
詞,Слово,シ,ことば,842,,2
規,Правило,キ,—,843,,3
拝,поклоняться; молиться,イ,おが-む,844,,2
換,обменивать; обмениваться; конвертироваться,カン,か-える ・か-わる,845,,2
律,ритм; закон; правило,リツ,りっ-する,846,,2
革,кожа; шкура; кожура; кора,カク,かわ,847,,2
盗,красть; воровать; кража; воровство,トウ,ぬすむ,848,,2
圧,давление; давить; сжимать ,アツ,—,849,,2
努,стараться; прилагать усилия,ド,つと-める,850,,3
導,вести; направлять; руководить ,ドウ,みちび-く,851,,3
童,ребёнок,ドウ,―,852,,2
宇,вселенная; мир; космос ,ウ,,853,,2
柱,столб,チュウ,はしら,854,,2
含,содержать ,ガン,ふく-む,855,,2
防,предотвращать; обороняться; защищаться ,ボウ,ふせ-ぐ,856,,2
算,считать,サン,―,857,,3
操,maneuver,,,858,,
遅,поздний; медленный,チ,おく-れる,859,,4
則,правила,ソク,―,860,,3
畑,поле,―,はたけ・はた,861,,2
干,сухой,カン,ひ-る・ほ-す,862,,2
濃,густой; крепкий; темный,ノウ,こ-い,863,,2
乳,молоко; грудь; вымя ,ニュウ,ちち・ち,864,,2
財,финансы,ザイ,—,865,,3
幼,младенец; младенческий; детский; незрелый ,ヨウ,おさな-い,866,,2
練,тренироваться; практика,レン,ねる,867,,4
専,специальный; исключительно,セン,もっぱ-ら,868,,2
偶,время от времени; нечасто,グウ,たま,869,,2
停,останавливаться,テイ,と-まる,870,,3
届,заявлять; уведомлять; доставлять,カイ,とど-ける,871,,2
鋭,острый,エイ,するど-い,872,,2
授,даровать; обучать,ジュ,さずける,873,,
築,строить; сооружать,チク,きず-く,874,,3
針,игла; шип; колючка; стрелка,シン,はり,875,,2
略,сокращение; аббревиатура,リャク,ほぼ,876,,3
封,запечатывать; запечатывание,フウ・ホウ,ふう-じる,877,,2
康,мир,,,878,,
汚,грязный,オ,けが-す・よご-す・きたな-い,879,,2
狭,cramped,,,880,,
孫,внук,ソン,まご,881,,3
緑,зелёный,リョク,みどり,882,,3
厚,толстый (о книгах); добрый; сердечный,コウ,あつ-い,883,,3
標,указатель,,,884,,
靴,обувь; ботинки,カ,くつ,885,,2
拾,подбирать; находить,シュウ,ひろ-う,886,,4
汗,пот ,カン ,あせ,887,,2
粉,мука,フン,こ・こな,888,,2
貨,Монета; деньги; товары,カ,—,889,,2
械,хитроумное изобретение,カイ,—,890,,2
悩,страдать; мучаться; мучительный,ノウ,なや-む・なや-ましい,891,,2
卒,выпускаться,ソツ,—,892,,3
祈,молитва; молиться,キ,いの-る・いの-り,893,,2
占,гадать ,セン,し-める・うらな-う ,894,,2
営,бизнес; дело; заниматься бизнесом; управлять,エイ,いとな-み・いとな-む,895,,3
札,ярлык; бирка,サツ,ふだ,896,,2
恵,favor,,,897,,
管,труба,カン,くだ,898,,3
氷,лёд,ヒョウ,こおり,899,,3
乾,сухой; сохнуть; сушить; осушать,カン・ケン,かわ-く・ひ-る・かわ-かす・ほ-す,900,,2
偉,великий; выдающийся; замечательный; сильный,イ,えら-い,901,,2
禁,запрет,キン,—,902,,3
祝,праздновать; поздравлять,シュク,いわ-う,903,,3
効,эффект,コウ,きく,904,,2
巨,гигантский,キョ,―,905,,2
湖,озеро,コ,みずうみ,906,,3
較,contrast,,,907,,
率,показатель ,ソツ・リツ,ひき-いる,908,,3
整,приводить в порядок,セイ,ととのえる・ととのう,909,,
柔,мягкий; нежный,ジュウ,やわ-らかい,910,,2
灰,пепел,カイ,はい,911,,2
塔,башня ,トウ,—,912,,2
賞,награда,ショウ,ほ-める,913,,2
枯,засыхать; вянуть ,コ,か-れる,914,,2
招,приглашать; звать; навлекать,ショウ,まね-く,915,,3
麦,зерновые,バク,むぎ,916,,2
塗,намазывать; красить,ト,ぬ-る・まみ-れる,917,,2
塩,соль,エン,しお,918,,2
超,сверх-; превышать; превосходить,チョウ,こ-える・こ-す,919,,2
損,убыток; портить; ранить ,ソン ,そこ-なう・そこ-ねる,920,,2
掘,копать; рыть; бурить,クツ,ほ-る,921,,2
爆,взрыв,バク,は-ぜる,922,,2
央,центр,オウ,―,923,,2
脳,Мозг,ノウ,—,924,,2
課,раздел,カ,—,925,,3
暖,warmth,,,926,,
協,сотрудничество,キョウ,—,927,,3
肌,кожа; голое тело,キ,はだ,928,,2
倍,Двойной,バイ,―,929,,2
忙,занятой,ボウ,いそが-しい,930,,3
宙,,,,931,,
匹,сч. суф. для мелких животных,ヒツ,ひき,932,,2
替,обмен,タイ,か-える,933,,2
賢,мудрость; умный; мудрый ,ケン,かしこ-い,934,,2
臓,внутренности; кишечник; кишка; кишки; потроха,ゾウ,―,935,,2
季,сезон,キ,—,936,,3
測,измерять; мерить; взвешивать ,ソク,はか-る,937,,3
符,ярлык; знак; талон; билет; метка; амулет,フ,—,938,,2
委,поручать; доверять,イ,ゆだ-ねる,939,,2
紹,знакомить; представлять,ショウ,—,940,,2
捜,искать; разыскивать,ソウ,さが-す,941,,2
補,восполнять; пополнять; возмещать; компенсировать ,ホ ,おぎな-う,942,,2
競,состязаться; соперничать,キョウ,きそ-う,943,,3
拡,,,,944,,
複,двойной; сложный,フク,—,945,,3
担,нести (на плече); иметь во главе; подшутить; нести обязанности ,タン,かつ-ぐ・にな-う,946,,2
曇,пасмурный; быть пасмурным; облачность ,ドン,くも-る・くも-り,947,,2
双,пара; оба ,ソウ,ふた,948,,2
採,добывать; брать ,サイ,と-る,949,,2
涼,прохладный; свежий; наслаждаться прохладой ,リョウ・すずしい・すずむ ,すず-しい・すず-む,950,,2
港,порт; гавань,コウ,みなと,951,,3
炭,уголь,タン,すみ,952,,2
皿,тарелка,ベイ,さら,953,,3
環,ring,,,954,,
磨,шлифовать; полировать; чистить (зубы) ,マ,みが-く,955,,2
漁,рыбачить,ギョ・リョウ,あさ-る,956,,2
訓,наставление; поучение; японское чтение иероглифа,クン,—,957,,3
菓,сладости ,カ,—,958,,2
綿,хлопок; вата ,メン,わた,959,,2
掃,sweep,,,960,,2
冊,том; книга,サツ,―,961,,2
昇,повышение; взбираться; получать повышение,ショウ,のぼ-る,962,,2
預,депозит; отдавать на хранение; брать на хранение,ヨ,あず-ける・あず-かる,963,,2
税,налог; пошлина ,ゼイ ,—,964,,2
幅,ширина ,フク,はば,965,,2
刊,издание; выпуск,カン,—,966,,3
域,район; пределы; границы; стадия; уровень ,イキ,—,967,,2
銅,медь,ドウ,あかがね,968,,2
筒,труба; муфта,トウ,つつ,969,,2
絡,зацепляться; обвиваться; цепляться; обвивать,ラク ,から-む・から-まる・から-める,970,,2
署,контора; полицейский участок; подпись,しょ,—,971,,2
畜,скотина; домашние животные ,チク,,972,,2
